{"cameraMode":{"drawMode":0,"name":"Shaded","section":"Shading Mode"},"sceneLighting":false,"audioPlay":false,"sceneViewState":{"showFog":true,"showMaterialUpdate":false,"showSkybox":true,"showFlares":true,"showImageEffects":true,"showParticleSystems":true},"in2DMode":false,"pivot":{"x":1.7333492040634156,"y":-4.709662437438965,"z":-19.169206619262697},"rotation":{"x":-0.009642740711569786,"y":0.9766230583190918,"z":-0.21000877022743226,"w":-0.044842153787612918},"size":16.021940231323243,"orthographic":false}