{"cameraMode":{"drawMode":0,"name":"Shaded","section":"Shading Mode"},"sceneLighting":true,"audioPlay":false,"sceneViewState":{"showFog":true,"showMaterialUpdate":false,"showSkybox":true,"showFlares":true,"showImageEffects":true,"showParticleSystems":true},"in2DMode":false,"pivot":{"x":3.6862411499023439,"y":0.14083003997802735,"z":-8.628631591796875},"rotation":{"x":-0.010907774791121483,"y":0.9873458743095398,"z":-0.1374368816614151,"w":-0.07836054265499115},"size":10.2764892578125,"orthographic":false}