{"cameraMode":{"drawMode":0,"name":"Shaded","section":"Shading Mode"},"sceneLighting":true,"audioPlay":false,"sceneViewState":{"showFog":true,"showMaterialUpdate":false,"showSkybox":true,"showFlares":true,"showImageEffects":true,"showParticleSystems":true},"in2DMode":false,"pivot":{"x":-1.697857141494751,"y":0.45886850357055666,"z":2.878308057785034},"rotation":{"x":-0.1207365021109581,"y":0.7493642568588257,"z":-0.14241625368595124,"w":-0.6352901458740234},"size":7.187602519989014,"orthographic":false}