{"cameraMode":{"drawMode":0,"name":"Shaded","section":"Shading Mode"},"sceneLighting":false,"audioPlay":false,"sceneViewState":{"showFog":true,"showMaterialUpdate":false,"showSkybox":true,"showFlares":true,"showImageEffects":true,"showParticleSystems":true},"in2DMode":false,"pivot":{"x":-0.6435766220092773,"y":0.400718092918396,"z":-0.19280363619327546},"rotation":{"x":-0.0552668422460556,"y":0.8082626461982727,"z":-0.07686333358287811,"w":-0.5811619162559509},"size":1.163085699081421,"orthographic":false}