{"cameraMode":{"drawMode":0,"name":"Shaded","section":"Shading Mode"},"sceneLighting":false,"audioPlay":false,"sceneViewState":{"showFog":true,"showMaterialUpdate":false,"showSkybox":true,"showFlares":true,"showImageEffects":true,"showParticleSystems":true},"in2DMode":false,"pivot":{"x":5.4039998054504398,"y":0.7970000505447388,"z":-0.36551034450531008},"rotation":{"x":0.05575057491660118,"y":-0.0329480841755867,"z":0.001840708195231855,"w":0.9978992938995361},"size":2.5379221439361574,"orthographic":false}