{"cameraMode":{"drawMode":0,"name":"Shaded","section":"Shading Mode"},"sceneLighting":false,"audioPlay":false,"sceneViewState":{"showFog":true,"showMaterialUpdate":false,"showSkybox":true,"showFlares":true,"showImageEffects":true,"showParticleSystems":true},"in2DMode":false,"pivot":{"x":-1.3086071014404297,"y":2.3239974975585939,"z":16.869239807128908},"rotation":{"x":0.16514956951141358,"y":-0.703056275844574,"z":0.1734006106853485,"w":0.6696041822433472},"size":25.0548152923584,"orthographic":false}