{"cameraMode":{"drawMode":0,"name":"Shaded","section":"Shading Mode"},"sceneLighting":false,"audioPlay":false,"sceneViewState":{"showFog":true,"showMaterialUpdate":false,"showSkybox":true,"showFlares":true,"showImageEffects":true,"showParticleSystems":true},"in2DMode":false,"pivot":{"x":0.25337910652160647,"y":0.6277158260345459,"z":-6.313144683837891},"rotation":{"x":-0.09303028136491776,"y":0.7997528910636902,"z":-0.12850157916545869,"w":-0.5789888501167297},"size":4.812079906463623,"orthographic":false}