{"cameraMode":{"drawMode":0,"name":"Shaded","section":"Shading Mode"},"sceneLighting":false,"audioPlay":false,"sceneViewState":{"showFog":true,"showMaterialUpdate":false,"showSkybox":true,"showFlares":true,"showImageEffects":true,"showParticleSystems":true},"in2DMode":false,"pivot":{"x":0.947773814201355,"y":0.842658281326294,"z":-9.739027976989746},"rotation":{"x":-0.07469093799591065,"y":0.12027832865715027,"z":-0.009075285866856575,"w":-0.9898848533630371},"size":1.092079520225525,"orthographic":false}