{"cameraMode":{"drawMode":0,"name":"Shaded","section":"Shading Mode"},"sceneLighting":true,"audioPlay":false,"sceneViewState":{"showFog":true,"showMaterialUpdate":false,"showSkybox":true,"showFlares":true,"showImageEffects":true,"showParticleSystems":true},"in2DMode":false,"pivot":{"x":3.0469069480895998,"y":1.146182894706726,"z":-6.111152648925781},"rotation":{"x":-0.14069698750972749,"y":-0.04535623639822006,"z":0.006452903617173433,"w":-0.9889922142028809},"size":2.712080240249634,"orthographic":false}