{"cameraMode":{"drawMode":0,"name":"Shaded","section":"Shading Mode"},"sceneLighting":false,"audioPlay":false,"sceneViewState":{"showFog":true,"showMaterialUpdate":false,"showSkybox":true,"showFlares":true,"showImageEffects":true,"showParticleSystems":true},"in2DMode":false,"pivot":{"x":0.009403198957443238,"y":0.45048439502716067,"z":-0.07808620482683182},"rotation":{"x":0.18068286776542664,"y":0.6870135068893433,"z":-0.1826225221157074,"w":0.679716944694519},"size":0.5630855560302734,"orthographic":false}