{"cameraMode":{"drawMode":0,"name":"Shaded","section":"Shading Mode"},"sceneLighting":false,"audioPlay":false,"sceneViewState":{"showFog":true,"showMaterialUpdate":false,"showSkybox":true,"showFlares":true,"showImageEffects":true,"showParticleSystems":true},"in2DMode":false,"pivot":{"x":0.33000004291534426,"y":1.0520000457763672,"z":-9.770000457763672},"rotation":{"x":-0.08112455904483795,"y":0.04935842379927635,"z":-0.004022467881441116,"w":-0.9954729676246643},"size":1.0379223823547364,"orthographic":false}