{"cameraMode":{"drawMode":0,"name":"Shaded","section":"Shading Mode"},"sceneLighting":false,"audioPlay":false,"sceneViewState":{"showFog":true,"showMaterialUpdate":false,"showSkybox":true,"showFlares":true,"showImageEffects":true,"showParticleSystems":true},"in2DMode":false,"pivot":{"x":-0.8177220225334168,"y":1.0199999809265137,"z":-3.136594295501709},"rotation":{"x":-0.09575420618057251,"y":0.6979899406433106,"z":-0.095033660531044,"w":-0.7032849788665772},"size":35.54204559326172,"orthographic":false}