{"cameraMode":{"drawMode":0,"name":"Shaded","section":"Shading Mode"},"sceneLighting":false,"audioPlay":false,"sceneViewState":{"showFog":true,"showMaterialUpdate":false,"showSkybox":true,"showFlares":true,"showImageEffects":true,"showParticleSystems":true},"in2DMode":false,"pivot":{"x":-16.90953826904297,"y":-20.577268600463868,"z":11.119749069213868},"rotation":{"x":0.28140151500701907,"y":-0.6611446738243103,"z":0.2955084443092346,"w":0.6295837759971619},"size":35.841827392578128,"orthographic":false}