{"cameraMode":{"drawMode":0,"name":"Shaded","section":"Shading Mode"},"sceneLighting":false,"audioPlay":false,"sceneViewState":{"showFog":true,"showMaterialUpdate":false,"showSkybox":true,"showFlares":true,"showImageEffects":true,"showParticleSystems":true},"in2DMode":false,"pivot":{"x":-2.488291025161743,"y":0.41592520475387576,"z":-4.577463150024414},"rotation":{"x":0.013262431137263775,"y":-0.9853882789611816,"z":0.1432027667760849,"w":0.0912531390786171},"size":3.1712393760681154,"orthographic":false}