{"cameraMode":{"drawMode":0,"name":"Shaded","section":"Shading Mode"},"sceneLighting":false,"audioPlay":false,"sceneViewState":{"showFog":true,"showMaterialUpdate":false,"showSkybox":true,"showFlares":true,"showImageEffects":true,"showParticleSystems":true},"in2DMode":false,"pivot":{"x":1.2000000476837159,"y":0.9409999847412109,"z":-9.770000457763672},"rotation":{"x":0.0014753881841897965,"y":0.9794759750366211,"z":-0.20142784714698792,"w":0.007173164281994104},"size":1.1135271787643433,"orthographic":false}