{"cameraMode":{"drawMode":0,"name":"Shaded","section":"Shading Mode"},"sceneLighting":false,"audioPlay":false,"sceneViewState":{"showFog":true,"showMaterialUpdate":false,"showSkybox":true,"showFlares":true,"showImageEffects":true,"showParticleSystems":true},"in2DMode":false,"pivot":{"x":-1.82357656955719,"y":0.9447857141494751,"z":-2.540724754333496},"rotation":{"x":-0.09575420618057251,"y":0.6979899406433106,"z":-0.095033660531044,"w":-0.7032849788665772},"size":3.1695892810821535,"orthographic":false}