{"cameraMode":{"drawMode":0,"name":"Shaded","section":"Shading Mode"},"sceneLighting":false,"audioPlay":false,"sceneViewState":{"showFog":true,"showMaterialUpdate":false,"showSkybox":true,"showFlares":true,"showImageEffects":true,"showParticleSystems":true},"in2DMode":false,"pivot":{"x":2.6089491844177248,"y":1.2325340509414673,"z":-6.219371795654297},"rotation":{"x":0.0860002264380455,"y":-0.8845484256744385,"z":0.18051330745220185,"w":0.42141786217689516},"size":1.0389461517333985,"orthographic":false}