{"cameraMode":{"drawMode":0,"name":"Shaded","section":"Shading Mode"},"sceneLighting":false,"audioPlay":false,"sceneViewState":{"showFog":true,"showMaterialUpdate":false,"showSkybox":true,"showFlares":true,"showImageEffects":true,"showParticleSystems":true},"in2DMode":false,"pivot":{"x":-0.8368115425109863,"y":1.209402322769165,"z":-2.8275489807128908},"rotation":{"x":-0.003441188484430313,"y":-0.9843907356262207,"z":0.17489424347877503,"w":-0.01936587505042553},"size":1.1734013557434083,"orthographic":false}