{"cameraMode":{"drawMode":0,"name":"Shaded","section":"Shading Mode"},"sceneLighting":false,"audioPlay":false,"sceneViewState":{"showFog":true,"showMaterialUpdate":false,"showSkybox":true,"showFlares":true,"showImageEffects":true,"showParticleSystems":true},"in2DMode":false,"pivot":{"x":-0.8754186630249023,"y":1.012391209602356,"z":-2.701338529586792},"rotation":{"x":0.0014753881841897965,"y":0.9794759750366211,"z":-0.20142784714698792,"w":0.007173164281994104},"size":3.2734010219573976,"orthographic":false}