{"cameraMode":{"drawMode":0,"name":"Shaded","section":"Shading Mode"},"sceneLighting":false,"audioPlay":false,"sceneViewState":{"showFog":true,"showMaterialUpdate":false,"showSkybox":true,"showFlares":true,"showImageEffects":true,"showParticleSystems":true},"in2DMode":false,"pivot":{"x":-1.7312397956848145,"y":-5.272439479827881,"z":0.42101287841796877},"rotation":{"x":-0.299796462059021,"y":0.0437806136906147,"z":-0.013774141669273377,"w":-0.9528985619544983},"size":21.431556701660158,"orthographic":false}