{"cameraMode":{"drawMode":0,"name":"Shaded","section":"Shading Mode"},"sceneLighting":false,"audioPlay":false,"sceneViewState":{"showFog":true,"showMaterialUpdate":false,"showSkybox":true,"showFlares":true,"showImageEffects":true,"showParticleSystems":true},"in2DMode":false,"pivot":{"x":-0.054551124572753909,"y":0.39905959367752077,"z":0.1543673276901245},"rotation":{"x":0.018487676978111268,"y":-0.6974729299545288,"z":0.01800578460097313,"w":0.7161463499069214},"size":0.5630855560302734,"orthographic":false}