{"cameraMode":{"drawMode":0,"name":"Shaded","section":"Shading Mode"},"sceneLighting":false,"audioPlay":false,"sceneViewState":{"showFog":true,"showMaterialUpdate":false,"showSkybox":true,"showFlares":true,"showImageEffects":true,"showParticleSystems":true},"in2DMode":false,"pivot":{"x":1.9834164381027222,"y":0.7987110614776611,"z":-2.7642219066619875},"rotation":{"x":-0.006326393224298954,"y":-0.9924768805503845,"z":0.058507055044174197,"w":-0.10736158490180969},"size":3.9452340602874758,"orthographic":false}