{"cameraMode":{"drawMode":0,"name":"Shaded","section":"Shading Mode"},"sceneLighting":false,"audioPlay":false,"sceneViewState":{"showFog":true,"showMaterialUpdate":false,"showSkybox":true,"showFlares":true,"showImageEffects":true,"showParticleSystems":true},"in2DMode":false,"pivot":{"x":-1.822483777999878,"y":1.404207706451416,"z":-2.5314931869506838},"rotation":{"x":0.0014753881841897965,"y":0.9794759750366211,"z":-0.20142784714698792,"w":0.007173164281994104},"size":1.3582890033721924,"orthographic":false}