{"cameraMode":{"drawMode":0,"name":"Shaded","section":"Shading Mode"},"sceneLighting":false,"audioPlay":false,"sceneViewState":{"showFog":true,"showMaterialUpdate":false,"showSkybox":true,"showFlares":true,"showImageEffects":true,"showParticleSystems":true},"in2DMode":false,"pivot":{"x":-1.3795892000198365,"y":-1.3026821613311768,"z":-2.4281105995178224},"rotation":{"x":-0.018415985628962518,"y":-0.9798927903175354,"z":0.1665065884590149,"w":-0.108381487429142},"size":7.453130722045898,"orthographic":false}