{"cameraMode":{"drawMode":0,"name":"Shaded","section":"Shading Mode"},"sceneLighting":false,"audioPlay":false,"sceneViewState":{"showFog":true,"showMaterialUpdate":false,"showSkybox":true,"showFlares":true,"showImageEffects":true,"showParticleSystems":true},"in2DMode":false,"pivot":{"x":-1.4555001258850098,"y":0.9108165502548218,"z":-0.44642946124076846},"rotation":{"x":0.0051864818669855598,"y":-0.7476190328598023,"z":0.0058391764760017399,"w":0.6640819907188416},"size":5.082645416259766,"orthographic":false}