{"cameraMode":{"drawMode":0,"name":"Shaded","section":"Shading Mode"},"sceneLighting":false,"audioPlay":false,"sceneViewState":{"showFog":true,"showMaterialUpdate":false,"showSkybox":true,"showFlares":true,"showImageEffects":true,"showParticleSystems":true},"in2DMode":false,"pivot":{"x":0.9605095386505127,"y":-2.199687957763672,"z":-3.5425186157226564},"rotation":{"x":0.49229803681373598,"y":0.40946221351623537,"z":-0.282166987657547,"w":0.7143985033035278},"size":13.511117935180664,"orthographic":false}