{"cameraMode":{"drawMode":0,"name":"Shaded","section":"Shading Mode"},"sceneLighting":false,"audioPlay":false,"sceneViewState":{"showFog":true,"showMaterialUpdate":false,"showSkybox":true,"showFlares":true,"showImageEffects":true,"showParticleSystems":true},"in2DMode":false,"pivot":{"x":-1.9044257402420045,"y":0.9839754104614258,"z":-0.4630310535430908},"rotation":{"x":0.10025393217802048,"y":0.6538969874382019,"z":-0.08802720159292221,"w":0.744727611541748},"size":2.9319427013397219,"orthographic":false}