{"cameraMode":{"drawMode":0,"name":"Shaded","section":"Shading Mode"},"sceneLighting":false,"audioPlay":false,"sceneViewState":{"showFog":true,"showMaterialUpdate":false,"showSkybox":true,"showFlares":true,"showImageEffects":true,"showParticleSystems":true},"in2DMode":false,"pivot":{"x":438.3849792480469,"y":280.82415771484377,"z":-4.07470703125},"rotation":{"x":-0.12001487612724304,"y":0.013448738493025303,"z":-0.0016253470676019788,"w":-0.9926797151565552},"size":756.9937133789063,"orthographic":false}