{"cameraMode":{"drawMode":0,"name":"Shaded","section":"Shading Mode"},"sceneLighting":false,"audioPlay":false,"sceneViewState":{"showFog":true,"showMaterialUpdate":false,"showSkybox":true,"showFlares":true,"showImageEffects":true,"showParticleSystems":true},"in2DMode":false,"pivot":{"x":1.416872262954712,"y":1.0009108781814576,"z":0.21773424744606019},"rotation":{"x":0.0860002264380455,"y":-0.8845484256744385,"z":0.18051330745220185,"w":0.42141786217689516},"size":3.394280195236206,"orthographic":false}