{"cameraMode":{"drawMode":0,"name":"Shaded","section":"Shading Mode"},"sceneLighting":false,"audioPlay":false,"sceneViewState":{"showFog":true,"showMaterialUpdate":false,"showSkybox":true,"showFlares":true,"showImageEffects":true,"showParticleSystems":true},"in2DMode":false,"pivot":{"x":3.6621055603027345,"y":1.5333566665649415,"z":1.3942985534667969},"rotation":{"x":0.04055217653512955,"y":0.9441741704940796,"z":-0.12710979580879212,"w":0.30122050642967226},"size":53.37782287597656,"orthographic":false}