{"cameraMode":{"drawMode":0,"name":"Shaded","section":"Shading Mode"},"sceneLighting":false,"audioPlay":false,"sceneViewState":{"showFog":true,"showMaterialUpdate":false,"showSkybox":true,"showFlares":true,"showImageEffects":true,"showParticleSystems":true},"in2DMode":false,"pivot":{"x":2.037388563156128,"y":0.7745541930198669,"z":-5.333559036254883},"rotation":{"x":-0.05984945222735405,"y":0.7544035911560059,"z":-0.06946523487567902,"w":-0.6499754190444946},"size":1.2262879610061646,"orthographic":false}