{"cameraMode":{"drawMode":0,"name":"Shaded","section":"Shading Mode"},"sceneLighting":false,"audioPlay":false,"sceneViewState":{"showFog":true,"showMaterialUpdate":false,"showSkybox":true,"showFlares":true,"showImageEffects":true,"showParticleSystems":true},"in2DMode":false,"pivot":{"x":-0.25353574752807619,"y":1.2424825429916382,"z":-2.237499475479126},"rotation":{"x":0.002220540540292859,"y":0.9360781908035278,"z":-0.005911055952310562,"w":0.351735383272171},"size":3.2999908924102785,"orthographic":false}