{"cameraMode":{"drawMode":0,"name":"Shaded","section":"Shading Mode"},"sceneLighting":false,"audioPlay":false,"sceneViewState":{"showFog":true,"showMaterialUpdate":false,"showSkybox":true,"showFlares":true,"showImageEffects":true,"showParticleSystems":true},"in2DMode":false,"pivot":{"x":2.923973798751831,"y":-0.0807715654373169,"z":-8.859536170959473},"rotation":{"x":0.0031145119573920967,"y":0.9693721532821655,"z":-0.24526825547218324,"w":0.012305676005780697},"size":3.73896861076355,"orthographic":false}