{"cameraMode":{"drawMode":0,"name":"Shaded","section":"Shading Mode"},"sceneLighting":false,"audioPlay":false,"sceneViewState":{"showFog":true,"showMaterialUpdate":false,"showSkybox":true,"showFlares":true,"showImageEffects":true,"showParticleSystems":true},"in2DMode":false,"pivot":{"x":-0.4688453674316406,"y":-1.4422297477722169,"z":0.762031078338623},"rotation":{"x":0.23853276669979096,"y":-0.37109196186065676,"z":0.09924249351024628,"w":0.8919326663017273},"size":7.829166412353516,"orthographic":false}