{"cameraMode":{"drawMode":0,"name":"Shaded","section":"Shading Mode"},"sceneLighting":false,"audioPlay":false,"sceneViewState":{"showFog":true,"showMaterialUpdate":false,"showSkybox":true,"showFlares":true,"showImageEffects":true,"showParticleSystems":true},"in2DMode":false,"pivot":{"x":-0.17114806175231934,"y":0.4578821659088135,"z":0.0546133816242218},"rotation":{"x":0.3307662606239319,"y":-0.5114060640335083,"z":0.2221703678369522,"w":0.7613789439201355},"size":1.536914587020874,"orthographic":false}