{"cameraMode":{"drawMode":0,"name":"Shaded","section":"Shading Mode"},"sceneLighting":false,"audioPlay":false,"sceneViewState":{"showFog":true,"showMaterialUpdate":false,"showSkybox":true,"showFlares":true,"showImageEffects":true,"showParticleSystems":true},"in2DMode":false,"pivot":{"x":554.6488037109375,"y":146.55987548828126,"z":234.70989990234376},"rotation":{"x":0.1319122165441513,"y":-0.01581418700516224,"z":0.0021039543207734825,"w":0.9911330342292786},"size":806.0552978515625,"orthographic":false}