{"cameraMode":{"drawMode":0,"name":"Shaded","section":"Shading Mode"},"sceneLighting":false,"audioPlay":false,"sceneViewState":{"showFog":true,"showMaterialUpdate":false,"showSkybox":true,"showFlares":true,"showImageEffects":true,"showParticleSystems":true},"in2DMode":false,"pivot":{"x":-1.8225659132003785,"y":0.973212718963623,"z":-2.532248020172119},"rotation":{"x":0.0860002264380455,"y":-0.8845484256744385,"z":0.18051330745220185,"w":0.42141786217689516},"size":3.2282931804656984,"orthographic":false}