{"cameraMode":{"drawMode":0,"name":"Shaded","section":"Shading Mode"},"sceneLighting":false,"audioPlay":false,"sceneViewState":{"showFog":true,"showMaterialUpdate":false,"showSkybox":true,"showFlares":true,"showImageEffects":true,"showParticleSystems":true},"in2DMode":false,"pivot":{"x":3.4103288650512697,"y":0.5213636159896851,"z":-1.6512203216552735},"rotation":{"x":-0.05984945222735405,"y":0.7544035911560059,"z":-0.06946523487567902,"w":-0.6499754190444946},"size":11.509992599487305,"orthographic":false}