{"cameraMode":{"drawMode":0,"name":"Shaded","section":"Shading Mode"},"sceneLighting":false,"audioPlay":false,"sceneViewState":{"showFog":true,"showMaterialUpdate":false,"showSkybox":true,"showFlares":true,"showImageEffects":true,"showParticleSystems":true},"in2DMode":false,"pivot":{"x":-1.8229999542236329,"y":0.7683712244033814,"z":-2.5230000019073488},"rotation":{"x":-0.003716444130986929,"y":0.9926259517669678,"z":-0.11698734015226364,"w":-0.031526729464530948},"size":1.3836487531661988,"orthographic":false}