{"cameraMode":{"drawMode":0,"name":"Shaded","section":"Shading Mode"},"sceneLighting":true,"audioPlay":false,"sceneViewState":{"showFog":true,"showMaterialUpdate":false,"showSkybox":true,"showFlares":true,"showImageEffects":true,"showParticleSystems":true},"in2DMode":false,"pivot":{"x":4.903909683227539,"y":0.6907140016555786,"z":-10.241514205932618},"rotation":{"x":-0.00801315438002348,"y":-0.9673714637756348,"z":0.03085370548069477,"w":-0.25134918093681338},"size":16.2860050201416,"orthographic":false}