{"cameraMode":{"drawMode":0,"name":"Shaded","section":"Shading Mode"},"sceneLighting":false,"audioPlay":false,"sceneViewState":{"showFog":true,"showMaterialUpdate":false,"showSkybox":true,"showFlares":true,"showImageEffects":true,"showParticleSystems":true},"in2DMode":false,"pivot":{"x":-1.8240453004837037,"y":0.9011398553848267,"z":-2.5298919677734377},"rotation":{"x":0.009042412973940373,"y":0.9879889488220215,"z":-0.14055395126342774,"w":0.06356643885374069},"size":2.871239423751831,"orthographic":false}