{"cameraMode":{"drawMode":0,"name":"Shaded","section":"Shading Mode"},"sceneLighting":false,"audioPlay":false,"sceneViewState":{"showFog":true,"showMaterialUpdate":false,"showSkybox":true,"showFlares":true,"showImageEffects":true,"showParticleSystems":true},"in2DMode":false,"pivot":{"x":-2.267904758453369,"y":0.574428141117096,"z":-5.32321834564209},"rotation":{"x":0.005840910132974386,"y":-0.9931424260139465,"z":0.10197394341230393,"w":0.05688043683767319},"size":3.897991895675659,"orthographic":false}