{"cameraMode":{"drawMode":0,"name":"Shaded","section":"Shading Mode"},"sceneLighting":false,"audioPlay":false,"sceneViewState":{"showFog":true,"showMaterialUpdate":false,"showSkybox":true,"showFlares":true,"showImageEffects":true,"showParticleSystems":true},"in2DMode":false,"pivot":{"x":0.00640106201171875,"y":7.971710681915283,"z":-0.1334705352783203},"rotation":{"x":-0.011655687354505062,"y":0.9669174551963806,"z":-0.25083091855049136,"w":-0.04492982104420662},"size":39.725582122802737,"orthographic":false}