{"cameraMode":{"drawMode":0,"name":"Shaded","section":"Shading Mode"},"sceneLighting":false,"audioPlay":false,"sceneViewState":{"showFog":true,"showMaterialUpdate":false,"showSkybox":true,"showFlares":true,"showImageEffects":true,"showParticleSystems":true},"in2DMode":false,"pivot":{"x":0.3308613896369934,"y":0.9803028106689453,"z":-9.78078556060791},"rotation":{"x":-0.04717832803726196,"y":-0.9088698029518127,"z":0.10711099952459336,"w":-0.4003213047981262},"size":2.9872870445251467,"orthographic":false}