{"cameraMode":{"drawMode":0,"name":"Shaded","section":"Shading Mode"},"sceneLighting":false,"audioPlay":false,"sceneViewState":{"showFog":true,"showMaterialUpdate":false,"showSkybox":true,"showFlares":true,"showImageEffects":true,"showParticleSystems":true},"in2DMode":false,"pivot":{"x":-1.7689218521118165,"y":1.3095366954803467,"z":-4.544806957244873},"rotation":{"x":0.0012727328576147557,"y":0.9984328150749207,"z":-0.04978370666503906,"w":0.02553211711347103},"size":3.6224520206451418,"orthographic":false}