{"cameraMode":{"drawMode":0,"name":"Shaded","section":"Shading Mode"},"sceneLighting":false,"audioPlay":false,"sceneViewState":{"showFog":true,"showMaterialUpdate":false,"showSkybox":true,"showFlares":true,"showImageEffects":true,"showParticleSystems":true},"in2DMode":false,"pivot":{"x":-2.7205684185028078,"y":0.7233394980430603,"z":-3.7450971603393556},"rotation":{"x":-0.028748946264386178,"y":0.9680986404418945,"z":-0.13180461525917054,"w":-0.21115435659885407},"size":2.722452163696289,"orthographic":false}