{"cameraMode":{"drawMode":0,"name":"Shaded","section":"Shading Mode"},"sceneLighting":false,"audioPlay":false,"sceneViewState":{"showFog":true,"showMaterialUpdate":false,"showSkybox":true,"showFlares":true,"showImageEffects":true,"showParticleSystems":true},"in2DMode":false,"pivot":{"x":5.4039998054504398,"y":0.7970000505447388,"z":-0.36551034450531008},"rotation":{"x":0.1417325884103775,"y":0.8532148599624634,"z":-0.30115512013435366,"w":0.40154945850372317},"size":2.5379221439361574,"orthographic":false}