{"cameraMode":{"drawMode":0,"name":"Shaded","section":"Shading Mode"},"sceneLighting":false,"audioPlay":false,"sceneViewState":{"showFog":true,"showMaterialUpdate":false,"showSkybox":true,"showFlares":true,"showImageEffects":true,"showParticleSystems":true},"in2DMode":false,"pivot":{"x":58.560791015625,"y":16.872846603393556,"z":0.4044189453125},"rotation":{"x":-0.0003121153567917645,"y":0.003358485409989953,"z":-8.919574838728295e-7,"w":-0.9999943971633911},"size":539.1678466796875,"orthographic":false}