{"cameraMode":{"drawMode":0,"name":"Shaded","section":"Shading Mode"},"sceneLighting":false,"audioPlay":false,"sceneViewState":{"showFog":true,"showMaterialUpdate":false,"showSkybox":true,"showFlares":true,"showImageEffects":true,"showParticleSystems":true},"in2DMode":false,"pivot":{"x":2.7391889095306398,"y":1.2349023818969727,"z":-6.629425048828125},"rotation":{"x":0.016670668497681619,"y":0.9610444903373718,"z":-0.26940467953681948,"w":0.05946963280439377},"size":2.238945960998535,"orthographic":false}